Variable,Numero_Estudios,Tamaño_Muestra_Total,Diferencia_Medias,Tamaño_Efecto_Hedges_g,Interpretacion,IC_95_Inferior,IC_95_Superior,Parametro_Original
Días del ciclo menstrual,1,24,-4.0,1.6836332872431325,Grande,0.9440404909189798,2.423226083567285,menstrual_days
Puntuación Ferriman-Gallwey,3,53,2.3000000000000007,1.1798124866186084,Grande,0.4325782797571397,1.9270466934800772,ferriman_gallwey
Volumen ovárico (mL),9,358,4.440642458100558,1.0777683238176827,Grande,0.5644757967390661,1.5910608508962993,ovarian_volume_ml
Insulina (μU/mL),27,903,3.9768019933554815,1.0594143901579713,Grande,0.46226677350789624,1.6565620068080464,insulin_uU_ml
Glucosa (mg/dL),27,891,6.652828282828284,0.9446219561159973,Grande,0.2808128934490647,1.6084310187829298,glucose_mg_dl
Testosterona (ng/mL),19,579,0.09783402417962007,0.9351031380698017,Grande,0.2265567955629324,1.643649480576671,testosterone_ng_ml
HOMA-IR,21,658,1.4222340425531914,0.9211273019771222,Grande,0.34793300261221416,1.4943216013420302,homa_ir
IMC (kg/m²),28,900,1.278477777777778,0.5018296385208876,Moderado,-0.01381507061180276,1.017474347653578,bmi_kg_m2
